{
  "name": "angular-route",
  "version": "1.4.4",
  "main": "./angular-route.js",
  "ignore": [],
  "dependencies": {
    "angular": "1.4.4"
  },
  "homepage": "https://github.com/angular/bower-angular-route",
  "_release": "1.4.4",
  "_resolution": {
    "type": "version",
    "tag": "v1.4.4",
    "commit": "253b707a425ede44798caca0031293f33b291808"
  },
  "_source": "git://github.com/angular/bower-angular-route.git",
  "_target": "~1.4.4",
  "_originalSource": "angular-route",
  "_direct": true
}