{
  "generator-gulp-angular": {
    "version": "0.12.1",
    "props": {
      "angularVersion": "~1.4.0",
      "angularModules": [],
      "jQuery": {
        "key": "jquery2"
      },
      "resource": {
        "key": "none",
        "module": null
      },
      "router": {
        "key": "none",
        "module": null
      },
      "ui": {
        "key": "bootstrap",
        "module": null
      },
      "bootstrapComponents": {
        "key": "none",
        "module": null
      },
      "cssPreprocessor": {
        "key": "less",
        "extension": "less"
      },
      "jsPreprocessor": {
        "key": "none",
        "extension": "js",
        "srcExtension": "js"
      },
      "htmlPreprocessor": {
        "key": "none",
        "extension": "html"
      },
      "foundationComponents": {
        "name": null,
        "version": null,
        "key": null,
        "module": null
      },
      "paths": {
        "src": "app/public",
        "dist": "dist",
        "e2e": "e2e",
        "tmp": ".tmp"
      }
    }
  }
}