{
  "name": "angular-resource",
  "version": "1.4.5",
  "main": "./angular-resource.js",
  "ignore": [],
  "dependencies": {
    "angular": "1.4.5"
  },
  "homepage": "https://github.com/angular/bower-angular-resource",
  "_release": "1.4.5",
  "_resolution": {
    "type": "version",
    "tag": "v1.4.5",
    "commit": "1b00ddb9576b35da312fc044f114e4ec31bc7377"
  },
  "_source": "git://github.com/angular/bower-angular-resource.git",
  "_target": "~1.4.5",
  "_originalSource": "angular-resource",
  "_direct": true
}